{"agent_0.csv": {"score": 0.6803012163578549, "speed_dir": 0.7265040464877053, "goal_dev": 0.5431915628919457, "gr": 0.7257546280258843, "norm_score": 0.773069564043017}, "agent_1.csv": {"score": 0.670986136060727, "speed_dir": 1.0, "goal_dev": 0.8430121367760068, "gr": 0.42046620373345056, "norm_score": 0.7624842455235534}, "agent_10.csv": {"score": 0.388647358271512, "speed_dir": 0.3566087174892132, "goal_dev": 0.18094482901021147, "gr": 0.5085179432933116, "norm_score": 0.4416447253085363}, "agent_11.csv": {"score": 0.4045189345676035, "speed_dir": 0.45187452869279354, "goal_dev": 0.37504929890832406, "gr": 0.39557595533464823, "norm_score": 0.4596806074631858}, "agent_12.csv": {"score": 0.2644534814999303, "speed_dir": 0.16971932164558515, "goal_dev": 0.1262036844675789, "gr": 0.38094545994327855, "norm_score": 0.30051531988628444}, "agent_13.csv": {"score": 0.421280430296442, "speed_dir": 0.581693161785535, "goal_dev": 0.2902767306143572, "gr": 0.406575914392938, "norm_score": 0.4787277617005023}, "agent_14.csv": {"score": 0.4116194676969097, "speed_dir": 0.40622566723902026, "goal_dev": 0.14964804298618184, "gr": 0.5453020802812184, "norm_score": 0.4677493951101247}, "agent_15.csv": {"score": 0.41497164742365356, "speed_dir": 0.5605653204511599, "goal_dev": 0.11702400654510425, "gr": 0.49114863134917497, "norm_score": 0.47155869025415176}, "agent_16.csv": {"score": 0.4758790918569675, "speed_dir": 0.4547657066505701, "goal_dev": 0.09168438857662742, "gr": 0.6785331361003362, "norm_score": 0.5407716952920085}, "agent_17.csv": {"score": 0.5490539269950798, "speed_dir": 0.3876900614973867, "goal_dev": 0.13129946907129775, "gr": 0.8386130887058175, "norm_score": 0.6239249170398634}, "agent_18.csv": {"score": 0.5244642634920658, "speed_dir": 0.414282602363059, "goal_dev": 0.14190237756466884, "gr": 0.7708360370202675, "norm_score": 0.5959821176046202}, "agent_19.csv": {"score": 0.17274945594824354, "speed_dir": 0.5433062386461689, "goal_dev": 0.14769158514680525, "gr": 0.0, "norm_score": 0.19630619994118584}, "agent_2.csv": {"score": 0.4385008509597687, "speed_dir": 0.4666565581984982, "goal_dev": 0.5801929873013894, "gr": 0.3535769291695936, "norm_score": 0.4982964215451917}, "agent_20.csv": {"score": 0.4782214505441828, "speed_dir": 1.0, "goal_dev": 0.9128858021767312, "gr": 0.0, "norm_score": 0.5434334665274805}, "agent_21.csv": {"score": 0.5170575694784506, "speed_dir": 1.0, "goal_dev": 0.8827231653674077, "gr": 0.09275355627319727, "norm_score": 0.5875654198618757}, "agent_22.csv": {"score": 0.595809019470016, "speed_dir": 1.0, "goal_dev": 0.41849223775326505, "gr": 0.4823719200633994, "norm_score": 0.6770557039431999}, "agent_23.csv": {"score": 0.6599443970203135, "speed_dir": 1.0, "goal_dev": 0.7255047498944394, "gr": 0.45713641909340735, "norm_score": 0.7499368147958108}, "agent_3.csv": {"score": 0.3793535607790115, "speed_dir": 0.11928656465661791, "goal_dev": 0.06925817061043849, "gr": 0.6644347539244948, "norm_score": 0.43108359179433126}, "agent_4.csv": {"score": 0.5298659246724947, "speed_dir": 0.5795529273784198, "goal_dev": 0.2094323885309073, "gr": 0.665239191390326, "norm_score": 0.6021203689460167}, "agent_5.csv": {"score": 0.4225960216877754, "speed_dir": 0.3742536355687281, "goal_dev": 0.3074845471203821, "gr": 0.5043229520309956, "norm_score": 0.48022275191792657}, "agent_6.csv": {"score": 0.2619515298913242, "speed_dir": 0.306299311559459, "goal_dev": 0.31598480151314556, "gr": 0.21276100324634614, "norm_score": 0.29767219305832293}, "agent_7.csv": {"score": 0.5817218465035507, "speed_dir": 0.5930181305742248, "goal_dev": 0.7551546420859772, "gr": 0.48935730667700056, "norm_score": 0.661047552844944}, "agent_8.csv": {"score": 0.5430416311911677, "speed_dir": 0.4864736284731223, "goal_dev": 0.7580057829253071, "gr": 0.46384355668312055, "norm_score": 0.617092762717236}, "agent_9.csv": {"score": 0.6131226304857202, "speed_dir": 0.3945560079567706, "goal_dev": 0.7548838401692756, "gr": 0.6515253369084174, "norm_score": 0.6967302619155912}}