{"count":1,"self":21.0093232,"total":38.7889944,"children":{"InitializeActuators":{"count":1720,"self":0.012063299999999999,"total":0.012063299999999999,"children":null},"InitializeSensors":{"count":1720,"self":0.1665826,"total":0.1665826,"children":null},"GridSensor.Update":{"count":1633,"self":0.3382899,"total":0.3382899,"children":null},"AgentInfo.ToProto":{"count":1633,"self":0.0055105,"total":0.0828003,"children":{"GenerateSensorData":{"count":1633,"self":0.024158699999999998,"total":0.077289799999999992,"children":{"GridSensor.GetCompressedObservation":{"count":1633,"self":0.052127599999999996,"total":0.052127599999999996,"children":null},"RayPerceptionSensor.Perceive":{"count":1633,"self":0.0010035,"total":0.0010035,"children":null}}}}},"AgentSendState":{"count":1190,"self":0.4442985,"total":7.4950816,"children":{"GridSensor.Update":{"count":17888,"self":6.3316816,"total":6.3316814999999993,"children":null},"CollectObservations":{"count":17888,"self":0.045607299999999996,"total":0.045607299999999996,"children":null},"WriteActionMask":{"count":17888,"self":0.0105151,"total":0.0105151,"children":null},"RequestDecision":{"count":17888,"self":0.020053599999999998,"total":0.6629792,"children":{"AgentInfo.ToProto":{"count":17888,"self":0.020320599999999998,"total":0.6429256,"children":{"GenerateSensorData":{"count":17888,"self":0.1891834,"total":0.622605,"children":{"GridSensor.GetCompressedObservation":{"count":17888,"self":0.39218179999999997,"total":0.39218179999999997,"children":null},"RayPerceptionSensor.Perceive":{"count":17888,"self":0.0412398,"total":0.0412398,"children":null}}}}}}}}},"DecideAction":{"count":1190,"self":9.3056615999999988,"total":9.3056615,"children":null},"AgentAct":{"count":1190,"self":0.3675929,"total":0.3791921,"children":{"GridSensor.Update":{"count":29,"self":0.0100885,"total":0.0100885,"children":null},"AgentInfo.ToProto":{"count":29,"self":0,"total":0.0015107,"children":{"GenerateSensorData":{"count":29,"self":0.0010061,"total":0.0015107,"children":{"GridSensor.GetCompressedObservation":{"count":29,"self":0.0005046,"total":0.0005046,"children":null},"RayPerceptionSensor.Perceive":{"count":29,"self":0,"total":0,"children":null}}}}}}}},"gauges":{"CEDRL.CumulativeReward":{"count":314,"max":0.988761365,"min":-0.4719417,"runningAverage":-0.0040022973,"value":0.4496609,"weightedAverage":0.306626856}},"metadata":{"timer_format_version":"0.1.0","start_time_seconds":"1753174242","unity_version":"2022.3.16f1","command_line_arguments":"C:\\Program Files\\Unity\\Hub\\Editor\\2022.3.16f1\\Editor\\Unity.exe -projectpath C:\\Users\\antre\\Desktop\\Projects\\IntelliCrowds-Git\\CEDRL-Unity -useHub -hubIPC -cloudEnvironment production -licensingIpc LicenseClient-antre -hubSessionId effec536-00bb-4961-8157-fd10e524f089 -accessToken BgEBOxtUshDfYXfJyK1DrxCxX7Wlj2nqFN63BPJgO_k011f","communication_protocol_version":"1.5.0","com.unity.ml-agents_version":"2.2.1-exp.1","scene_name":"Training","end_time_seconds":"1753174281"}}